https://sky-planner.com/assets/game/areas/vault/secret-720.webp	vault-secret.webp
https://sky-planner.com/assets/game/areas/prairie/butterfly-720.webp	prairie-butterfly.webp
https://sky-planner.com/assets/game/areas/prairie/islands-720.webp	prairie-islands.webp
https://sky-planner.com/assets/game/areas/prairie/nest-720.webp	prairie-nest.webp
https://sky-planner.com/assets/game/areas/prairie/cave-720.webp	prairie-cave.webp
https://sky-planner.com/assets/game/areas/prairie/8p-720.webp	prairie-8p.webp
https://sky-planner.com/assets/game/areas/eden/orbit-720.webp	eden-orbit.webp
https://sky-planner.com/assets/game/areas/wasteland/broken-720.webp	wasteland-broken.webp
https://sky-planner.com/assets/game/areas/wasteland/graveyard-720.webp	wasteland-graveyard.webp
https://sky-planner.com/assets/game/areas/wasteland/crabs-720.webp	wasteland-crabs.webp
https://sky-planner.com/assets/game/areas/wasteland/battlefield-720.webp	wasteland-battlefield.webp
https://sky-planner.com/assets/game/areas/forest/rainy-720.webp	forest-rainy.webp
https://sky-planner.com/assets/game/areas/forest/brook-720.webp	forest-brook.webp
https://sky-planner.com/assets/game/areas/forest/bridge-720.webp	forest-bridge.webp
https://sky-planner.com/assets/game/areas/isle/ancient-dock-720.webp	isle-ancient-dock.webp
https://sky-planner.com/assets/game/areas/isle/temple-entrance-720.webp	isle-temple-entrance.webp
https://sky-planner.com/assets/game/areas/valley/rink-720.webp	valley-rink.webp
https://sky-planner.com/assets/game/areas/valley/citadel-720.webp	valley-citadel.webp
https://sky-planner.com/assets/game/areas/valley/coliseum-720.webp	valley-coliseum.webp
https://sky-planner.com/assets/game/areas/vault/second-720.webp	vault-second.webp
https://sky-planner.com/assets/game/areas/vault/fourth-720.webp	vault-fourth.webp
https://sky-planner.com/assets/game/areas/vault/third-720.webp	vault-third.webp
https://sky-planner.com/assets/game/areas/vault/elevator-720.webp	vault-elevator.webp
https://sky-planner.com/assets/game/areas/wasteland/reef-720.webp	wasteland-reef.webp
https://sky-planner.com/assets/game/areas/forest/treehouse-720.webp	forest-treehouse.webp
https://sky-planner.com/assets/game/areas/isle/island-720.webp	isle-island.webp
https://sky-planner.com/assets/game/areas/valley/temple-720.webp	valley-temple.webp
https://sky-planner.com/assets/game/areas/vault/archive-720.webp	vault-archive.webp
https://sky-planner.com/assets/game/areas/forest/cavern-720.webp	forest-cavern.webp
https://sky-planner.com/assets/game/areas/forest/blue-bird-720.webp	forest-blue-bird.webp
https://sky-planner.com/assets/game/areas/aviary/carnival-720.webp	aviary-carnival.webp
https://sky-planner.com/assets/game/areas/valley/village-720.webp	valley-village.webp
https://sky-planner.com/assets/game/areas/aviary/concert-720.webp	aviary-concert.webp
https://sky-planner.com/assets/game/areas/wasteland/ark-720.webp	wasteland-ark.webp
https://sky-planner.com/assets/game/areas/forest/wind-720.webp	forest-wind.webp
https://sky-planner.com/assets/game/areas/isle/dunes-720.webp	isle-dunes.webp
https://sky-planner.com/assets/game/areas/vault/lanterns-720.webp	vault-lanterns.webp
https://sky-planner.com/assets/game/areas/prairie/peaks-720.webp	prairie-peaks.webp
https://sky-planner.com/assets/game/areas/vault/moomin-glade-720.webp	vault-moomin-glade.webp
https://sky-planner.com/assets/game/areas/aviary/workshop-720.webp	aviary-workshop.webp
https://sky-planner.com/assets/game/areas/vault/crescent-720.webp	vault-crescent.webp
https://sky-planner.com/assets/game/areas/valley/theatre-720.webp	valley-theatre.webp
https://sky-planner.com/assets/game/areas/isle/prophecies-720.webp	isle-prophecies.webp
https://sky-planner.com/assets/game/areas/aviary/shops-720.webp	aviary-shops.webp
https://sky-planner.com/assets/game/areas/aviary/village-720.webp	aviary-village.webp
https://sky-planner.com/assets/game/areas/vault/refuge-720.webp	vault-refuge.webp
https://sky-planner.com/assets/game/areas/prairie/sanctuary-720.webp	prairie-sanctuary.webp
https://sky-planner.com/assets/game/areas/vault/starlight-720.webp	vault-starlight.webp
https://sky-planner.com/assets/game/areas/vault/jar-720.webp	vault-jar.webp
https://sky-planner.com/assets/game/areas/vault/jellyfish-720.webp	vault-jellyfish.webp
https://sky-planner.com/assets/game/areas/aviary/cinema-temp.webp	aviary-cinema-temp.webp
https://sky-planner.com/assets/game/areas/vault/lost-city-720.webp	vault-lost-city.webp
https://sky-planner.com/assets/game/areas/aviary/portals-720.webp	aviary-portals.webp
https://sky-planner.com/assets/game/areas/aviary/event-720.webp	aviary-event.webp
https://sky-planner.com/assets/game/areas/aviary/spell-720.webp	aviary-spell.webp
https://sky-planner.com/assets/game/areas/aviary/nest-720.webp	aviary-nest.webp
https://sky-planner.com/assets/game/areas/aviary/cafe-720.webp	aviary-cafe.webp
https://sky-planner.com/assets/game/areas/aviary/home-720.webp	aviary-home.webp
https://sky-planner.com/assets/game/areas/isle/temple-720.webp	isle-temple.webp
https://sky-planner.com/assets/game/areas/isle/butterfly-720.webp	isle-butterfly.webp
https://sky-planner.com/assets/game/areas/isle/water-720.webp	isle-water.webp
https://sky-planner.com/assets/game/areas/isle/earth-720.webp	isle-earth.webp
https://sky-planner.com/assets/game/areas/isle/air-720.webp	isle-air.webp
https://sky-planner.com/assets/game/areas/isle/fire-720.webp	isle-fire.webp
https://sky-planner.com/assets/game/areas/prairie/social-720.webp	prairie-social.webp
https://sky-planner.com/assets/game/areas/prairie/koi-720.webp	prairie-koi.webp
https://sky-planner.com/assets/game/areas/prairie/temple-720.webp	prairie-temple.webp
https://sky-planner.com/assets/game/areas/forest/social-720.webp	forest-social.webp
https://sky-planner.com/assets/game/areas/forest/clearing-720.webp	forest-clearing.webp
https://sky-planner.com/assets/game/areas/forest/elevated-720.webp	forest-elevated.webp
https://sky-planner.com/assets/game/areas/forest/temple-720.webp	forest-temple.webp
https://sky-planner.com/assets/game/areas/forest/end-720.webp	forest-end.webp
https://sky-planner.com/assets/game/areas/valley/social-720.webp	valley-social.webp
https://sky-planner.com/assets/game/areas/valley/slide-720.webp	valley-slide.webp
https://sky-planner.com/assets/game/areas/valley/fly-720.webp	valley-fly.webp
https://sky-planner.com/assets/game/areas/valley/end.webp	valley-end.webp
https://sky-planner.com/assets/game/areas/valley/hermit-720.webp	valley-hermit.webp
https://sky-planner.com/assets/game/areas/valley/harmony-720.webp	valley-harmony.webp
https://sky-planner.com/assets/game/areas/valley/aurora-720.webp	valley-aurora.webp
https://sky-planner.com/assets/game/areas/wasteland/social-720.webp	wasteland-social.webp
https://sky-planner.com/assets/game/areas/wasteland/temple-720.webp	wasteland-temple.webp
https://sky-planner.com/assets/game/areas/wasteland/depths.webp	wasteland-depths.webp
https://sky-planner.com/assets/game/areas/wasteland/switch-720.webp	wasteland-switch.webp
https://sky-planner.com/assets/game/areas/vault/social-720.webp	vault-social.webp
https://sky-planner.com/assets/game/areas/vault/fifth-720.webp	vault-fifth.webp
https://sky-planner.com/assets/game/areas/vault/summit-720.webp	vault-summit.webp
https://sky-planner.com/assets/game/areas/vault/new-collab-temp.webp	vault-new-collab-temp.webp
https://sky-planner.com/assets/game/areas/vault/dunes-720.webp	vault-dunes.webp
https://sky-planner.com/assets/game/areas/vault/dreams-720.webp	vault-dreams.webp
https://sky-planner.com/assets/game/areas/vault/glade-720.webp	vault-glade.webp
https://sky-planner.com/assets/game/areas/vault/cackling-720.webp	vault-cackling.webp
https://sky-planner.com/assets/game/areas/vault/moomin-720.webp	vault-moomin.webp
https://sky-planner.com/assets/game/areas/eden/entrance-720.webp	eden-entrance.webp
https://sky-planner.com/assets/game/areas/eden/rocks-720.webp	eden-rocks.webp
https://sky-planner.com/assets/game/areas/eden/return-720.webp	eden-return.webp
https://sky-planner.com/assets/game/areas/eden/ascent-720.webp	eden-ascent.webp