https://sky-planner.com/assets/external/solsuga/aviary.webp	aviary.webp
https://sky-planner.com/assets/external/solsuga/dawn.webp	dawn.webp
https://sky-planner.com/assets/external/solsuga/prairie.webp	prairie.webp
https://sky-planner.com/assets/external/solsuga/forest.webp	forest.webp
https://sky-planner.com/assets/external/solsuga/paths.webp	paths.webp
https://sky-planner.com/assets/external/solsuga/valley.webp	valley.webp
https://sky-planner.com/assets/external/solsuga/wasteland.webp	wasteland.webp
https://sky-planner.com/assets/external/solsuga/reef.webp	reef.webp
https://sky-planner.com/assets/external/solsuga/vault.webp	vault.webp
https://sky-planner.com/assets/external/solsuga/office.webp	office.webp
https://sky-planner.com/assets/external/solsuga/refuge.webp	refuge.webp
https://sky-planner.com/assets/external/solsuga/oasis.webp	oasis.webp