https://sky-planner.com/assets/game/map-shrines/Aviary-Map-Shrine.webp	Aviary-Map-Shrine.webp
https://sky-planner.com/assets/game/map-shrines/Home-Map-Shrine.webp	Home-Map-Shrine.webp
https://sky-planner.com/assets/game/map-shrines/Wandering-Carnival-Map-Shrine.webp	Wandering-Carnival-Map-Shrine.webp
https://sky-planner.com/assets/game/map-shrines/Prairie-Social-Space-Map-Shrine.webp	Prairie-Social-Space-Map-Shrine.webp
https://sky-planner.com/assets/game/map-shrines/Prairie-Cave-Map-Shrine.webp	Prairie-Cave-Map-Shrine.webp
https://sky-planner.com/assets/game/map-shrines/Prairie-Butterfly-field-Map-Shrine.webp	Prairie-Butterfly-field-Map-Shrine.webp
https://sky-planner.com/assets/game/map-shrines/Prairie-Village-Map-Shrine.webp	Prairie-Village-Map-Shrine.webp
https://sky-planner.com/assets/game/map-shrines/Prairie-Temple-Map-Shrine.webp	Prairie-Temple-Map-Shrine.webp
https://sky-planner.com/assets/game/map-shrines/Prairie-8-Players-Puzzle-Map-Shrine.webp	Prairie-8-Players-Puzzle-Map-Shrine.webp
https://sky-planner.com/assets/game/map-shrines/Prairie-Bird-nest-map-shrine.webp	Prairie-Bird-nest-map-shrine.webp
https://sky-planner.com/assets/game/map-shrines/Prairie-Sanctuary-Island-Map-Shrine.webp	Prairie-Sanctuary-Island-Map-Shrine.webp
https://sky-planner.com/assets/game/map-shrines/Prairie-Prairie-Peaks-Map-Shrine.webp	Prairie-Prairie-Peaks-Map-Shrine.webp
https://sky-planner.com/assets/game/map-shrines/Eden-Main-Doorway-Map-Shrine.webp	Eden-Main-Doorway-Map-Shrine.webp
https://sky-planner.com/assets/game/map-shrines/Eden-Wind-Rock-Pathway-Map-Shrine.webp	Eden-Wind-Rock-Pathway-Map-Shrine.webp
https://sky-planner.com/assets/game/map-shrines/Eden-Statues-Pathway-Map-Shrine.webp	Eden-Statues-Pathway-Map-Shrine.webp
https://sky-planner.com/assets/game/map-shrines/Eden-Orbit-Map-Shrine.webp	Eden-Orbit-Map-Shrine.webp
https://sky-planner.com/assets/game/map-shrines/Wasteland-Social-space-Map-Shrine.webp	Wasteland-Social-space-Map-Shrine.webp
https://sky-planner.com/assets/game/map-shrines/Wasteland-Broken-Temple-Map-Shrine.webp	Wasteland-Broken-Temple-Map-Shrine.webp
https://sky-planner.com/assets/game/map-shrines/Wasteland-Graveyard-map-shrine.webp	Wasteland-Graveyard-map-shrine.webp
https://sky-planner.com/assets/game/map-shrines/Wasteland-Crabs-field--Map-Shrine.webp	Wasteland-Crabs-field--Map-Shrine.webp
https://sky-planner.com/assets/game/map-shrines/Wasteland-Battlefield-map-shrine.webp	Wasteland-Battlefield-map-shrine.webp
https://sky-planner.com/assets/game/map-shrines/Wasteland-Temple-map-shrine.webp	Wasteland-Temple-map-shrine.webp
https://sky-planner.com/assets/game/map-shrines/Wasteland-Ark-Maze-Map-Shrine.webp	Wasteland-Ark-Maze-Map-Shrine.webp
https://sky-planner.com/assets/game/map-shrines/Treasure-Reef-map-shrine.webp	Treasure-Reef-map-shrine.webp
https://sky-planner.com/assets/game/map-shrines/Wasteland-The-Two-Embers-City-Map-Shrine.webp	Wasteland-The-Two-Embers-City-Map-Shrine.webp
https://sky-planner.com/assets/game/map-shrines/Forest-Social-Space-Map-Shrine.webp	Forest-Social-Space-Map-Shrine.webp
https://sky-planner.com/assets/game/map-shrines/Forest-Clearing-Map-Shrine.webp	Forest-Clearing-Map-Shrine.webp
https://sky-planner.com/assets/game/map-shrines/Forest-Main-Treehouse-Map-Shrine.webp	Forest-Main-Treehouse-Map-Shrine.webp
https://sky-planner.com/assets/game/map-shrines/Forest-Brook-Map-Shrine.webp	Forest-Brook-Map-Shrine.webp
https://sky-planner.com/assets/game/map-shrines/Forest-Elevated-Clearing-Map-Shrine.webp	Forest-Elevated-Clearing-Map-Shrine.webp
https://sky-planner.com/assets/game/map-shrines/Forest-Underground-Cavern-Map-Shrine.webp	Forest-Underground-Cavern-Map-Shrine.webp
https://sky-planner.com/assets/game/map-shrines/Forest-Blue-Bird-Map-Shrine.webp	Forest-Blue-Bird-Map-Shrine.webp
https://sky-planner.com/assets/game/map-shrines/Forest-Boneyard-Map-Shrine.webp	Forest-Boneyard-Map-Shrine.webp
https://sky-planner.com/assets/game/map-shrines/Forest-Temple-Map-Shrine.webp	Forest-Temple-Map-Shrine.webp
https://sky-planner.com/assets/game/map-shrines/Forest-End-clearing-Map-Shrine.webp	Forest-End-clearing-Map-Shrine.webp
https://sky-planner.com/assets/game/map-shrines/Flight-Area-Angle-Map-Shrine.webp	Flight-Area-Angle-Map-Shrine.webp
https://sky-planner.com/assets/game/map-shrines/Isle-First-Map-Shrine.webp	Isle-First-Map-Shrine.webp
https://sky-planner.com/assets/game/map-shrines/Isle-Main-Path-Map-Shrine.webp	Isle-Main-Path-Map-Shrine.webp
https://sky-planner.com/assets/game/map-shrines/Isle-Temple-Map-Shrine.webp	Isle-Temple-Map-Shrine.webp
https://sky-planner.com/assets/game/map-shrines/Isle-Temple-Cloud-Map-Shrine.webp	Isle-Temple-Cloud-Map-Shrine.webp
https://sky-planner.com/assets/game/map-shrines/Isle-Prophecy-Cave-Map-Shrine.webp	Isle-Prophecy-Cave-Map-Shrine.webp
https://sky-planner.com/assets/game/map-shrines/Isle-Prophecy-Water-Trial-Map-Shrine.webp	Isle-Prophecy-Water-Trial-Map-Shrine.webp
https://sky-planner.com/assets/game/map-shrines/Isle-Prophecy-Earth-Trial-Map-Shrine.webp	Isle-Prophecy-Earth-Trial-Map-Shrine.webp
https://sky-planner.com/assets/game/map-shrines/Isle-Prophecy-Trial-Air-Map-Shrine.webp	Isle-Prophecy-Trial-Air-Map-Shrine.webp
https://sky-planner.com/assets/game/map-shrines/Isle-Prophecy-Trial-Fire-Map-Shrine.webp	Isle-Prophecy-Trial-Fire-Map-Shrine.webp
https://sky-planner.com/assets/game/map-shrines/Valley-Social-Space-Map-Shrine.webp	Valley-Social-Space-Map-Shrine.webp
https://sky-planner.com/assets/game/map-shrines/Valley-Ice-Rink-Map-Shrine.webp	Valley-Ice-Rink-Map-Shrine.webp
https://sky-planner.com/assets/game/map-shrines/Citadel-Map-Shrine.webp	Citadel-Map-Shrine.webp
https://sky-planner.com/assets/game/map-shrines/Valley-Sliding-Race-Temple-Map-Shrine.webp	Valley-Sliding-Race-Temple-Map-Shrine.webp
https://sky-planner.com/assets/game/map-shrines/Valley-Flying-Race-Temple-Map-Shrine.webp	Valley-Flying-Race-Temple-Map-Shrine.webp
https://sky-planner.com/assets/game/map-shrines/Coliseum-map-shrine.webp	Coliseum-map-shrine.webp
https://sky-planner.com/assets/game/map-shrines/Valley-Village-of-Dreams-Map-Shrine.webp	Valley-Village-of-Dreams-Map-Shrine.webp
https://sky-planner.com/assets/game/map-shrines/Harmony-Hall-Map-shrine.webp	Harmony-Hall-Map-shrine.webp
https://sky-planner.com/assets/game/map-shrines/Village-Theater-Map-Shrine.webp	Village-Theater-Map-Shrine.webp
https://sky-planner.com/assets/game/map-shrines/Valley-Hermit-Hideout-Map-Shrine.webp	Valley-Hermit-Hideout-Map-Shrine.webp
https://sky-planner.com/assets/game/map-shrines/Vault-first-floor-map-shrine.webp	Vault-first-floor-map-shrine.webp
https://sky-planner.com/assets/game/map-shrines/Vault-third-floor-map-shrine.webp	Vault-third-floor-map-shrine.webp
https://sky-planner.com/assets/game/map-shrines/Vault-fourth-floor-map-shrine.webp	Vault-fourth-floor-map-shrine.webp
https://sky-planner.com/assets/game/map-shrines/Vault-Top-Floor-Map-Shrine.webp	Vault-Top-Floor-Map-Shrine.webp
https://sky-planner.com/assets/game/map-shrines/Vault-Archives-Angle-Map-Shrine.webp	Vault-Archives-Angle-Map-Shrine.webp
https://sky-planner.com/assets/game/map-shrines/Vault-Crescent-Oasis-Map-Shrine.webp	Vault-Crescent-Oasis-Map-Shrine.webp
https://sky-planner.com/assets/game/map-shrines/Vault-Moominvalley-Glade-Map-Shrine.webp	Vault-Moominvalley-Glade-Map-Shrine.webp
https://sky-planner.com/assets/game/map-shrines/Vault-Gargen-Map-Shrine.webp	Vault-Gargen-Map-Shrine.webp
https://sky-planner.com/assets/game/map-shrines/Vault-Refuge-Map-Shrine.webp	Vault-Refuge-Map-Shrine.webp
https://sky-planner.com/assets/game/map-shrines/Fractured-Lantern-Storage-Map-Shrine.webp	Fractured-Lantern-Storage-Map-Shrine.webp
https://sky-planner.com/assets/game/map-shrines/Vault-Office-Map-Shrine.webp	Vault-Office-Map-Shrine.webp
https://sky-planner.com/assets/game/map-shrines/Vault-Collab-Room-Map-Shrine.webp	Vault-Collab-Room-Map-Shrine.webp